code,name,date,close,action,strength,reason
SZ000037,深南电A,2022-01-14,7.42,BUY_CHECK; SELL_CHECK; SELL_EARLY; SELL_EARLY; SELL_MUST; SELL_CHECK; SELL_CHECK; ,7.9,"macd dea_signal over 0 n days_21; close under sma60; cross down sma5; cross down sma60; SZ000037 2022-01-14,SELL_MUST, cross down sma60 and  macd dif cross down 0, price expected to continue drop. close 7.42 ,sma60 7.551666666666667; macd dif cross down 0; macd dif less than 0; macd sig great than 0; macd dif less than sig; "
SZ000153,丰原药业,2022-01-14,11.89,BUY_CHECK; SELL_MUST; SELL_CHECK; ,1.0,"macd dea_signal over 0 n days_40; SELL_MUST,close above sma60but macd dif less than 0, price expected to be drop back to under sma60, close 11.89 ,sma60 11.587666666666667; macd dif less than 0; macd sig great than 0; macd dif less than sig; "
SZ000338,潍柴动力,2022-01-14,16.92,BUY_CHECK; SELL_MUST; SELL_CHECK; SELL_CHECK; ,1.0,"macd dea_signal over 0 n days_28; SELL_MUST,close above sma60but macd dif less than 0, price expected to be drop back to under sma60, close 16.92 ,sma60 16.859666666666666; macd dif cross down 0; macd dif less than 0; macd sig great than 0; macd dif less than sig; "
SZ000400,许继电气,2022-01-14,24.52,BUY_CHECK; SELL_MUST; SELL_CHECK; SELL_CHECK; ,1.0,"close great than 1.2 sma200; SELL_MUST,close above sma60but macd dif less than 0, price expected to be drop back to under sma60, close 24.52 ,sma60 24.10216666666667; macd sig cross down 0; macd dif less than 0; macd sig less than 0; macd dif less than sig; "
SZ000507,珠海港,2022-01-14,6.34,BUY_CHECK; BUY_CHECK; SELL_CHECK; SELL_EARLY; SELL_EARLY; SELL_MUST; SELL_CHECK; SELL_CHECK; ,8.5,"macd dea_signal over 0 n days_24; ma55 near ma21; close under sma60; cross down sma21; cross down sma60; SZ000507 2022-01-14,SELL_MUST, cross down sma60 and  macd dif cross down 0, price expected to continue drop. close 6.34 ,sma60 6.4485; macd dif cross down 0; macd dif less than 0; macd sig great than 0; macd dif less than sig; "
SZ000531,穗恒运A,2022-01-14,8.72,BUY_CHECK; SELL_MUST; SELL_CHECK; SELL_CHECK; ,1.0,"macd dea_signal over 0 n days_31; SELL_MUST,close above sma60but macd dif less than 0, price expected to be drop back to under sma60, close 8.72 ,sma60 8.532; macd dif cross down 0; macd dif less than 0; macd sig great than 0; macd dif less than sig; "
SZ000567,海德股份,2022-01-14,18.94,BUY_CHECK; BUY_CHECK; SELL_CHECK; BUY_CHECK; BUY_EARLY; SELL_MUST; BUY_CHECK; ,6.6,"macd historgram over 0 n days_2; ma55 near ma21; sma21 under sma60; close great than 1.2 sma200; cross over sma60; SELL_MUST,close above sma60but macd dif less than 0, price expected to be drop back to under sma60, close 18.94 ,sma60 18.151333333333334; macd dif less than 0; macd sig less than 0; macd dif great than sig; "
SZ000628,高新发展,2022-01-14,10.36,BUY_CHECK; SELL_MUST; SELL_CHECK; SELL_CHECK; ,1.0,"macd dea_signal over 0 n days_40; SELL_MUST,close above sma60but macd dif less than 0, price expected to be drop back to under sma60, close 10.36 ,sma60 9.945166666666667; macd dif cross down 0; macd dif less than 0; macd sig great than 0; macd dif less than sig; "
SZ000682,东方电子,2022-01-14,7.72,BUY_CHECK; BUY_EARLY; SELL_MUST; SELL_CHECK; ,3.6,"close great than 1.2 sma200; cross over sma5; SELL_MUST,close above sma60but macd dif less than 0, price expected to be drop back to under sma60, close 7.72 ,sma60 7.462666666666666; macd dif less than 0; macd sig great than 0; macd dif less than sig; "
SZ000688,国城矿业,2022-01-14,13.03,BUY_CHECK; SELL_MUST; SELL_CHECK; ,1.0,"macd dea_signal over 0 n days_39; SELL_MUST,close above sma60but macd dif less than 0, price expected to be drop back to under sma60, close 13.03 ,sma60 12.6395; macd dif less than 0; macd sig great than 0; macd dif less than sig; "
SZ000710,贝瑞基因,2022-01-14,21.32,BUY_CHECK; SELL_CHECK; BUY_EARLY; BUY_EARLY; SELL_MUST; BUY_CHECK; ,11.5,"macd historgram over 0 n days_7; sma21 under sma60; cross over sma5; cross over sma60; SELL_MUST,close above sma60but macd dif less than 0, price expected to be drop back to under sma60, close 21.32 ,sma60 20.671333333333333; macd dif less than 0; macd sig less than 0; macd dif great than sig; "
SZ000722,湖南发展,2022-01-14,7.98,BUY_CHECK; SELL_CHECK; SELL_EARLY; SELL_MUST; SELL_CHECK; SELL_CHECK; ,5.8,"macd dea_signal over 0 n days_86; close under sma60; cross down sma60; SZ000722 2022-01-14,SELL_MUST, cross down sma60 and  macd dif cross down 0, price expected to continue drop. close 7.98 ,sma60 8.085666666666667; macd dif cross down 0; macd dif less than 0; macd sig great than 0; macd dif less than sig; "
SZ000733,振华科技,2022-01-14,115.41,BUY_CHECK; BUY_CHECK; BUY_EARLY; BUY_EARLY; SELL_MUST; SELL_CHECK; ,6.5,"ma55 near ma21; close great than 1.2 sma200; cross over sma5; cross over sma60; SELL_MUST,close above sma60but macd dif less than 0, price expected to be drop back to under sma60, close 115.41 ,sma60 113.62599999999999; macd dif less than 0; macd sig great than 0; macd dif less than sig; "
SZ000737,南风化工,2022-01-14,7.44,BUY_EARLY; SELL_MUST; SELL_CHECK; ,1.4,"cross over sma5; SELL_MUST,close above sma60but macd dif less than 0, price expected to be drop back to under sma60, close 7.44 ,sma60 7.3655; macd dif less than 0; macd sig less than 0; macd dif less than sig; "
SZ000777,中核科技,2022-01-14,14.12,BUY_CHECK; SELL_MUST; SELL_CHECK; SELL_CHECK; ,1.0,"macd dea_signal over 0 n days_36; SELL_MUST,close above sma60but macd dif less than 0, price expected to be drop back to under sma60, close 14.12 ,sma60 13.579833333333335; macd dif cross down 0; macd dif less than 0; macd sig great than 0; macd dif less than sig; "
SZ000795,英洛华,2022-01-14,7.79,BUY_CHECK; BUY_CHECK; BUY_EARLY; SELL_MUST; SELL_CHECK; ,2.3,"macd dea_signal over 0 n days_40; close great than 1.2 sma200; cross over sma5; SELL_MUST,close above sma60but macd dif less than 0, price expected to be drop back to under sma60, close 7.79 ,sma60 7.4705; macd dif less than 0; macd sig great than 0; macd dif less than sig; "
SZ000875,吉电股份,2022-01-14,8.11,BUY_CHECK; BUY_CHECK; SELL_MUST; SELL_CHECK; ,1.0,"macd dea_signal over 0 n days_54; close great than 1.2 sma200; SELL_MUST,close above sma60but macd dif less than 0, price expected to be drop back to under sma60, close 8.11 ,sma60 7.779166666666667; macd dif less than 0; macd sig great than 0; macd dif less than sig; "
SZ000899,赣能股份,2022-01-14,5.4,BUY_CHECK; SELL_CHECK; SELL_EARLY; SELL_MUST; SELL_CHECK; SELL_CHECK; ,4.6,"macd dea_signal over 0 n days_20; close under sma60; cross down sma60; SZ000899 2022-01-14,SELL_MUST, cross down sma60 and  macd dif cross down 0, price expected to continue drop. close 5.4 ,sma60 5.514166666666667; macd dif cross down 0; macd dif less than 0; macd sig great than 0; macd dif less than sig; "
SZ000969,安泰科技,2022-01-14,10.04,BUY_CHECK; SELL_MUST; SELL_CHECK; ,1.0,"macd dea_signal over 0 n days_37; SELL_MUST,close above sma60but macd dif less than 0, price expected to be drop back to under sma60, close 10.04 ,sma60 9.978833333333334; macd dif less than 0; macd sig great than 0; macd dif less than sig; "
SZ000977,浪潮信息,2022-01-14,32.9,BUY_CHECK; SELL_CHECK; SELL_EARLY; SELL_MUST; SELL_CHECK; SELL_CHECK; ,3.4,"macd dea_signal over 0 n days_56; close under sma60; cross down sma60; SZ000977 2022-01-14,SELL_MUST, cross down sma60 and  macd dif cross down 0, price expected to continue drop. close 32.9 ,sma60 33.1295; macd dif cross down 0; macd dif less than 0; macd sig great than 0; macd dif less than sig; "
SZ002008,大族激光,2022-01-14,47.87,BUY_CHECK; BUY_EARLY; BUY_EARLY; SELL_MUST; SELL_CHECK; ,10.6,"macd dea_signal over 0 n days_53; cross over sma5; cross over sma60; SELL_MUST,close above sma60but macd dif less than 0, price expected to be drop back to under sma60, close 47.87 ,sma60 46.87683333333333; macd dif less than 0; macd sig great than 0; macd dif less than sig; "
SZ002011,盾安环境,2022-01-14,12.31,BUY_CHECK; BUY_CHECK; BUY_CHECK; SELL_MUST; SELL_CHECK; SELL_CHECK; ,1.0,"macd dea_signal over 0 n days_53; close great than 1.05 sma60; close great than 1.2 sma200; SELL_MUST,close above sma60but macd dif less than 0, price expected to be drop back to under sma60, close 12.31 ,sma60 11.184333333333335; macd dif cross down 0; macd dif less than 0; macd sig great than 0; macd dif less than sig; "
SZ002015,协鑫能科,2022-01-14,17.37,BUY_CHECK; BUY_CHECK; BUY_CHECK; SELL_MUST; BUY_CHECK; BUY_CHECK; BUY_CHECK; ,2.0,"macd historgram over 0 n days_1; close great than 1.05 sma60; close great than 1.2 sma200; SELL_MUST,close above sma60but macd dif less than 0, price expected to be drop back to under sma60, close 17.37 ,sma60 16.403666666666666; macd dif cross over sig; macd cross over 0; macd dif less than 0; macd sig less than 0; macd dif great than sig; "
SZ002026,山东威达,2022-01-14,18.05,BUY_CHECK; BUY_CHECK; BUY_EARLY; SELL_MUST; SELL_CHECK; ,2.7,"ma55 near ma21; close great than 1.2 sma200; cross over sma21; SELL_MUST,close above sma60but macd dif less than 0, price expected to be drop back to under sma60, close 18.05 ,sma60 17.832333333333334; macd dif less than 0; macd sig less than 0; macd dif less than sig; "
SZ002048,宁波华翔,2022-01-14,22.9,BUY_CHECK; SELL_CHECK; BUY_EARLY; SELL_MUST; BUY_CHECK; ,3.3,"macd historgram over 0 n days_3; sma21 under sma60; cross over sma60; SELL_MUST,close above sma60but macd dif less than 0, price expected to be drop back to under sma60, close 22.9 ,sma60 22.693333333333335; macd dif less than 0; macd sig less than 0; macd dif great than sig; "
SZ002049,紫光国微,2022-01-14,217.85,BUY_CHECK; SELL_CHECK; BUY_CHECK; BUY_EARLY; SELL_MUST; SELL_CHECK; ,3.6,"ma55 near ma21; sma21 under sma60; close great than 1.2 sma200; cross over sma60; SELL_MUST,close above sma60but macd dif less than 0, price expected to be drop back to under sma60, close 217.85 ,sma60 213.79883333333333; macd dif less than 0; macd sig less than 0; macd dif less than sig; "
SZ002097,山河智能,2022-01-14,9.11,BUY_CHECK; SELL_CHECK; SELL_MUST; SELL_CHECK; SELL_CHECK; ,2.0,"macd dea_signal over 0 n days_30; close under sma60; SZ002097 2022-01-14,SELL_MUST, cross down sma60 and  macd dif cross down 0, price expected to continue drop. close 9.11 ,sma60 9.111666666666668; macd dif cross down 0; macd dif less than 0; macd sig great than 0; macd dif less than sig; "
SZ002153,石基信息,2022-01-14,26.97,SELL_EARLY; SELL_MUST; SELL_CHECK; ,2.0,"cross down sma5; SELL_MUST,close above sma60but macd dif less than 0, price expected to be drop back to under sma60, close 26.97 ,sma60 26.937666666666665; macd dif less than 0; macd dif less than sig; "
SZ002182,云海金属,2022-01-14,21.81,BUY_CHECK; BUY_CHECK; SELL_MUST; SELL_CHECK; ,1.0,"macd dea_signal over 0 n days_35; close great than 1.2 sma200; SELL_MUST,close above sma60but macd dif less than 0, price expected to be drop back to under sma60, close 21.81 ,sma60 21.321833333333334; macd dif less than 0; macd sig great than 0; macd dif less than sig; "
SZ002193,如意集团,2022-01-14,6.33,BUY_CHECK; BUY_CHECK; SELL_EARLY; SELL_EARLY; SELL_MUST; SELL_CHECK; SELL_CHECK; ,8.0,"macd dea_signal over 0 n days_45; ma55 near ma21; cross down sma5; cross down sma21; SELL_MUST,close above sma60but macd dif less than 0, price expected to be drop back to under sma60, close 6.33 ,sma60 6.308666666666666; macd dif cross down 0; macd dif less than 0; macd sig great than 0; macd dif less than sig; "
SZ002212,天融信,2022-01-14,17.02,BUY_CHECK; BUY_CHECK; SELL_CHECK; SELL_EARLY; SELL_EARLY; SELL_MUST; SELL_CHECK; SELL_CHECK; SELL_CHECK; ,23.8,"macd dea_signal over 0 n days_58; ma55 near ma21; close under sma60; cross down sma21; cross down sma60; SZ002212 2022-01-14,SELL_MUST, cross down sma60 and  macd dif cross down 0, price expected to continue drop. close 17.02 ,sma60 18.5355; macd cross down 0; macd dif cross down 0; macd dif less than 0; macd sig great than 0; macd dif less than sig; "
SZ002232,启明信息,2022-01-14,20.17,BUY_CHECK; BUY_CHECK; BUY_CHECK; SELL_MUST; SELL_CHECK; SELL_CHECK; ,1.0,"macd dea_signal over 0 n days_39; close great than 1.05 sma60; close great than 1.2 sma200; SELL_MUST,close above sma60but macd dif less than 0, price expected to be drop back to under sma60, close 20.17 ,sma60 17.307666666666666; macd dif cross down 0; macd dif less than 0; macd sig great than 0; macd dif less than sig; "
SZ002245,蔚蓝锂芯,2022-01-14,27.16,BUY_CHECK; SELL_CHECK; BUY_CHECK; BUY_EARLY; SELL_MUST; BUY_CHECK; BUY_CHECK; BUY_CHECK; ,5.4,"macd historgram over 0 n days_1; sma21 under sma60; close great than 1.2 sma200; cross over sma60; SELL_MUST,close above sma60but macd dif less than 0, price expected to be drop back to under sma60, close 27.16 ,sma60 26.56816666666667; macd dif cross over sig; macd cross over 0; macd dif less than 0; macd sig less than 0; macd dif great than sig; "
SZ002254,泰和新材,2022-01-14,20.45,BUY_CHECK; BUY_CHECK; SELL_CHECK; SELL_MUST; BUY_CHECK; ,1.0,"macd historgram over 0 n days_5; ma55 near ma21; sma21 under sma60; SELL_MUST,close above sma60but macd dif less than 0, price expected to be drop back to under sma60, close 20.45 ,sma60 19.930833333333332; macd dif less than 0; macd sig less than 0; macd dif great than sig; "
SZ002384,东山精密,2022-01-14,25.17,BUY_CHECK; BUY_CHECK; SELL_MUST; SELL_CHECK; SELL_CHECK; ,1.0,"macd dea_signal over 0 n days_51; close great than 1.2 sma200; SELL_MUST,close above sma60but macd dif less than 0, price expected to be drop back to under sma60, close 25.17 ,sma60 24.817999999999998; macd dif cross down 0; macd dif less than 0; macd sig great than 0; macd dif less than sig; "
SZ002402,和而泰,2022-01-14,26.22,BUY_CHECK; SELL_MUST; SELL_CHECK; ,1.0,"macd dea_signal over 0 n days_53; SELL_MUST,close above sma60but macd dif less than 0, price expected to be drop back to under sma60, close 26.22 ,sma60 25.434833333333334; macd dif less than 0; macd sig great than 0; macd dif less than sig; "
SZ002420,毅昌科技,2022-01-14,7.88,BUY_CHECK; BUY_CHECK; SELL_MUST; SELL_CHECK; SELL_CHECK; ,1.0,"macd dea_signal over 0 n days_96; close great than 1.2 sma200; SELL_MUST,close above sma60but macd dif less than 0, price expected to be drop back to under sma60, close 7.88 ,sma60 7.709333333333333; macd dif cross down 0; macd dif less than 0; macd sig great than 0; macd dif less than sig; "
SZ002441,众业达,2022-01-14,9.39,BUY_CHECK; SELL_EARLY; SELL_MUST; SELL_CHECK; SELL_CHECK; ,3.0,"macd dea_signal over 0 n days_42; cross down sma5; SELL_MUST,close above sma60but macd dif less than 0, price expected to be drop back to under sma60, close 9.39 ,sma60 9.196; macd dif cross down 0; macd dif less than 0; macd sig great than 0; macd dif less than sig; "
SZ002453,华软科技,2022-01-14,19.35,BUY_CHECK; BUY_CHECK; BUY_CHECK; BUY_CHECK; SELL_MUST; BUY_CHECK; ,1.0,"macd historgram over 0 n days_2; ma55 near ma21; close great than 1.05 sma60; close great than 1.2 sma200; SELL_MUST,close above sma60but macd dif less than 0, price expected to be drop back to under sma60, close 19.35 ,sma60 17.74233333333333; macd dif less than 0; macd sig less than 0; macd dif great than sig; "
SZ002472,双环传动,2022-01-14,28.51,BUY_CHECK; SELL_CHECK; BUY_CHECK; BUY_EARLY; BUY_EARLY; SELL_MUST; BUY_CHECK; BUY_CHECK; BUY_CHECK; ,11.7,"macd historgram over 0 n days_1; sma21 under sma60; close great than 1.2 sma200; cross over sma21; cross over sma60; SELL_MUST,close above sma60but macd dif less than 0, price expected to be drop back to under sma60, close 28.51 ,sma60 27.9915; macd dif cross over sig; macd cross over 0; macd dif less than 0; macd sig less than 0; macd dif great than sig; "
SZ002505,鹏都农牧,2022-01-14,3.88,BUY_CHECK; BUY_EARLY; BUY_EARLY; BUY_EARLY; SELL_MUST; SELL_CHECK; ,28.0,"close great than 1.2 sma200; cross over sma5; cross over sma21; cross over sma60; SELL_MUST,close above sma60but macd dif less than 0, price expected to be drop back to under sma60, close 3.88 ,sma60 3.7096666666666662; macd dif less than 0; macd sig less than 0; macd dif less than sig; "
SZ002549,凯美特气,2022-01-14,15.7,BUY_CHECK; BUY_CHECK; BUY_EARLY; SELL_MUST; SELL_CHECK; ,4.2,"macd dea_signal over 0 n days_39; close great than 1.2 sma200; cross over sma5; SELL_MUST,close above sma60but macd dif less than 0, price expected to be drop back to under sma60, close 15.7 ,sma60 15.246333333333332; macd dif less than 0; macd sig great than 0; macd dif less than sig; "
SZ002585,双星新材,2022-01-14,26.96,BUY_CHECK; BUY_CHECK; BUY_CHECK; BUY_EARLY; BUY_EARLY; SELL_MUST; BUY_CHECK; BUY_CHECK; BUY_CHECK; ,8.6,"macd historgram over 0 n days_1; ma55 near ma21; close great than 1.2 sma200; cross over sma21; cross over sma60; SELL_MUST,close above sma60but macd dif less than 0, price expected to be drop back to under sma60, close 26.96 ,sma60 26.394833333333334; macd dif cross over sig; macd cross over 0; macd dif less than 0; macd sig less than 0; macd dif great than sig; "
SZ002606,大连电瓷,2022-01-14,10.42,BUY_CHECK; BUY_CHECK; BUY_CHECK; BUY_CHECK; SELL_MUST; BUY_CHECK; ,1.0,"macd historgram over 0 n days_2; ma55 near ma21; close great than 1.05 sma60; close great than 1.2 sma200; SELL_MUST,close above sma60but macd dif less than 0, price expected to be drop back to under sma60, close 10.42 ,sma60 9.856666666666666; macd dif less than 0; macd sig less than 0; macd dif great than sig; "
SZ002643,万润股份,2022-01-14,22.83,BUY_CHECK; BUY_EARLY; SELL_MUST; SELL_CHECK; ,4.0,"ma55 near ma21; cross over sma60; SELL_MUST,close above sma60but macd dif less than 0, price expected to be drop back to under sma60, close 22.83 ,sma60 22.704666666666665; macd dif less than 0; macd sig less than 0; macd dif less than sig; "
SZ002670,国盛金控,2022-01-14,9.58,BUY_CHECK; BUY_EARLY; BUY_EARLY; SELL_MUST; SELL_CHECK; ,2.9,"ma55 near ma21; cross over sma21; cross over sma60; SELL_MUST,close above sma60but macd dif less than 0, price expected to be drop back to under sma60, close 9.58 ,sma60 9.507000000000001; macd dif less than 0; macd sig less than 0; macd dif less than sig; "
SZ002673,西部证券,2022-01-14,7.82,BUY_CHECK; BUY_CHECK; SELL_CHECK; SELL_EARLY; SELL_MUST; SELL_CHECK; SELL_CHECK; ,3.9,"macd dea_signal over 0 n days_25; ma55 near ma21; close under sma60; cross down sma60; SZ002673 2022-01-14,SELL_MUST, cross down sma60 and  macd dif cross down 0, price expected to continue drop. close 7.82 ,sma60 7.883666666666667; macd dif cross down 0; macd dif less than 0; macd sig great than 0; macd dif less than sig; "
SZ002683,宏大爆破,2022-01-14,28.59,BUY_CHECK; SELL_MUST; SELL_CHECK; ,1.0,"macd dea_signal over 0 n days_37; SELL_MUST,close above sma60but macd dif less than 0, price expected to be drop back to under sma60, close 28.59 ,sma60 28.447833333333335; macd dif less than 0; macd sig great than 0; macd dif less than sig; "
SZ002729,好利科技,2022-01-14,49.34,BUY_CHECK; BUY_CHECK; SELL_MUST; BUY_CHECK; ,1.0,"macd historgram over 0 n days_6; ma55 near ma21; SELL_MUST,close above sma60but macd dif less than 0, price expected to be drop back to under sma60, close 49.34 ,sma60 48.860166666666665; macd dif less than 0; macd sig less than 0; macd dif great than sig; "
SZ002752,昇兴股份,2022-01-14,6.58,SELL_MUST; SELL_CHECK; ,1.0,"SELL_MUST,close above sma60but macd dif less than 0, price expected to be drop back to under sma60, close 6.58 ,sma60 6.5488333333333335; macd dif less than 0; macd sig less than 0; macd dif less than sig; "
SZ002771,真视通,2022-01-14,10.24,BUY_CHECK; SELL_MUST; SELL_CHECK; ,1.0,"macd dea_signal over 0 n days_31; SELL_MUST,close above sma60but macd dif less than 0, price expected to be drop back to under sma60, close 10.24 ,sma60 10.236833333333333; macd dif less than 0; macd sig great than 0; macd dif less than sig; "
SZ002786,银宝山新,2022-01-14,6.58,BUY_CHECK; SELL_CHECK; SELL_EARLY; SELL_EARLY; SELL_MUST; SELL_CHECK; SELL_CHECK; ,7.0,"macd dea_signal over 0 n days_35; close under sma60; cross down sma5; cross down sma60; SZ002786 2022-01-14,SELL_MUST, cross down sma60 and  macd dif cross down 0, price expected to continue drop. close 6.58 ,sma60 6.5865; macd dif cross down 0; macd dif less than 0; macd sig great than 0; macd dif less than sig; "
SZ002792,通宇通讯,2022-01-14,15.99,BUY_CHECK; BUY_CHECK; SELL_EARLY; SELL_EARLY; SELL_MUST; BUY_CHECK; ,3.0,"macd historgram over 0 n days_3; ma55 near ma21; cross down sma5; cross down sma21; SELL_MUST,close above sma60but macd dif less than 0, price expected to be drop back to under sma60, close 15.99 ,sma60 15.908166666666666; macd dif less than 0; macd sig less than 0; macd dif great than sig; "
SZ002795,永和智控,2022-01-14,11.97,BUY_CHECK; BUY_CHECK; SELL_EARLY; SELL_MUST; BUY_CHECK; ,3.0,"macd historgram over 0 n days_3; ma55 near ma21; cross down sma5; SELL_MUST,close above sma60but macd dif less than 0, price expected to be drop back to under sma60, close 11.97 ,sma60 11.898666666666667; macd dif less than 0; macd sig less than 0; macd dif great than sig; "
SZ002797,第一创业,2022-01-14,7.01,BUY_CHECK; BUY_CHECK; SELL_CHECK; SELL_EARLY; SELL_MUST; SELL_CHECK; SELL_CHECK; ,4.0,"macd dea_signal over 0 n days_42; ma55 near ma21; close under sma60; cross down sma60; SZ002797 2022-01-14,SELL_MUST, cross down sma60 and  macd dif cross down 0, price expected to continue drop. close 7.01 ,sma60 7.129333333333333; macd dif cross down 0; macd dif less than 0; macd sig great than 0; macd dif less than sig; "
SZ002825,纳尔股份,2022-01-14,20.5,BUY_CHECK; BUY_CHECK; BUY_CHECK; SELL_MUST; SELL_CHECK; SELL_CHECK; ,1.0,"macd dea_signal over 0 n days_35; close great than 1.05 sma60; close great than 1.2 sma200; SELL_MUST,close above sma60but macd dif less than 0, price expected to be drop back to under sma60, close 20.5 ,sma60 19.092666666666666; macd dif cross down 0; macd dif less than 0; macd sig great than 0; macd dif less than sig; "
SZ002859,洁美科技,2022-01-14,34.69,BUY_CHECK; BUY_EARLY; SELL_MUST; SELL_CHECK; ,1.8,"macd dea_signal over 0 n days_44; cross over sma5; SELL_MUST,close above sma60but macd dif less than 0, price expected to be drop back to under sma60, close 34.69 ,sma60 33.377833333333335; macd dif less than 0; macd sig great than 0; macd dif less than sig; "
SZ002865,钧达股份,2022-01-14,59.09,BUY_CHECK; BUY_CHECK; SELL_EARLY; SELL_MUST; SELL_CHECK; ,5.0,"close great than 1.05 sma60; close great than 1.2 sma200; cross down sma5; SELL_MUST,close above sma60but macd dif less than 0, price expected to be drop back to under sma60, close 59.09 ,sma60 55.70016666666667; macd dif less than 0; macd sig great than 0; macd dif less than sig; "
SZ002896,中大力德,2022-01-14,23.83,BUY_EARLY; SELL_MUST; SELL_CHECK; ,2.7,"cross over sma21; SELL_MUST,close above sma60but macd dif less than 0, price expected to be drop back to under sma60, close 23.83 ,sma60 23.035000000000004; macd dif less than 0; macd sig less than 0; macd dif less than sig; "
SZ002906,华阳集团,2022-01-14,58.5,BUY_CHECK; BUY_CHECK; BUY_CHECK; BUY_CHECK; SELL_MUST; BUY_CHECK; BUY_CHECK; BUY_CHECK; ,2.0,"macd historgram over 0 n days_1; ma55 near ma21; close great than 1.05 sma60; close great than 1.2 sma200; SELL_MUST,close above sma60but macd dif less than 0, price expected to be drop back to under sma60, close 58.5 ,sma60 53.287000000000006; macd dif cross over sig; macd cross over 0; macd dif less than 0; macd sig less than 0; macd dif great than sig; "
SZ002911,佛燃能源,2022-01-14,10.67,BUY_CHECK; SELL_EARLY; SELL_MUST; SELL_CHECK; ,3.0,"macd dea_signal over 0 n days_30; cross down sma5; SELL_MUST,close above sma60but macd dif less than 0, price expected to be drop back to under sma60, close 10.67 ,sma60 10.632833333333334; macd dif less than 0; macd sig great than 0; macd dif less than sig; "
SZ002945,华林证券,2022-01-14,12.54,BUY_CHECK; SELL_MUST; SELL_CHECK; SELL_CHECK; ,1.0,"macd dea_signal over 0 n days_25; SELL_MUST,close above sma60but macd dif less than 0, price expected to be drop back to under sma60, close 12.54 ,sma60 11.9805; macd dif cross down 0; macd dif less than 0; macd sig great than 0; macd dif less than sig; "
SZ002953,日丰股份,2022-01-14,17.41,BUY_CHECK; SELL_CHECK; SELL_MUST; BUY_CHECK; ,1.0,"macd historgram over 0 n days_3; sma21 under sma60; SELL_MUST,close above sma60but macd dif less than 0, price expected to be drop back to under sma60, close 17.41 ,sma60 17.340500000000002; macd dif less than 0; macd sig less than 0; macd dif great than sig; "
SZ003025,思进智能,2022-01-14,32.93,BUY_CHECK; SELL_MUST; SELL_CHECK; ,1.0,"macd dea_signal over 0 n days_42; SELL_MUST,close above sma60but macd dif less than 0, price expected to be drop back to under sma60, close 32.93 ,sma60 31.8235; macd dif less than 0; macd sig great than 0; macd dif less than sig; "
SZ300053,欧比特,2022-01-14,9.66,BUY_CHECK; SELL_MUST; SELL_CHECK; ,1.0,"macd dea_signal over 0 n days_39; SELL_MUST,close above sma60but macd dif less than 0, price expected to be drop back to under sma60, close 9.66 ,sma60 9.594833333333332; macd dif less than 0; macd sig great than 0; macd dif less than sig; "
SZ300081,恒信东方,2022-01-14,14.91,BUY_CHECK; BUY_CHECK; SELL_MUST; SELL_CHECK; ,1.0,"macd dea_signal over 0 n days_48; close great than 1.2 sma200; SELL_MUST,close above sma60but macd dif less than 0, price expected to be drop back to under sma60, close 14.91 ,sma60 14.671833333333332; macd dif less than 0; macd sig great than 0; macd dif less than sig; "
SZ300088,长信科技,2022-01-14,11.85,BUY_CHECK; BUY_CHECK; BUY_EARLY; BUY_EARLY; SELL_MUST; SELL_CHECK; ,13.6,"macd dea_signal over 0 n days_63; close great than 1.2 sma200; cross over sma5; cross over sma60; SELL_MUST,close above sma60but macd dif less than 0, price expected to be drop back to under sma60, close 11.85 ,sma60 11.812; macd dif less than 0; macd sig great than 0; macd dif less than sig; "
SZ300093,金刚玻璃,2022-01-14,32.1,BUY_CHECK; BUY_CHECK; BUY_EARLY; BUY_EARLY; SELL_MUST; SELL_CHECK; ,8.0,"macd dea_signal over 0 n days_58; close great than 1.2 sma200; cross over sma5; cross over sma60; SELL_MUST,close above sma60but macd dif less than 0, price expected to be drop back to under sma60, close 32.1 ,sma60 31.498499999999996; macd dif less than 0; macd sig great than 0; macd dif less than sig; "
SZ300109,新开源,2022-01-14,22.09,BUY_CHECK; BUY_CHECK; BUY_EARLY; BUY_EARLY; BUY_EARLY; SELL_MUST; SELL_CHECK; ,18.1,"ma55 near ma21; close great than 1.2 sma200; cross over sma5; cross over sma21; cross over sma60; SELL_MUST,close above sma60but macd dif less than 0, price expected to be drop back to under sma60, close 22.09 ,sma60 21.541666666666668; macd dif less than 0; macd sig less than 0; macd dif less than sig; "
SZ300240,飞力达,2022-01-14,8.14,SELL_EARLY; SELL_EARLY; SELL_MUST; SELL_CHECK; ,5.0,"cross down sma5; cross down sma21; SELL_MUST,close above sma60but macd dif less than 0, price expected to be drop back to under sma60, close 8.14 ,sma60 7.882; macd dif less than 0; macd dif less than sig; "
SZ300271,华宇软件,2022-01-14,12.32,BUY_CHECK; SELL_MUST; SELL_CHECK; SELL_CHECK; ,1.0,"macd dea_signal over 0 n days_35; SELL_MUST,close above sma60but macd dif less than 0, price expected to be drop back to under sma60, close 12.32 ,sma60 12.110166666666666; macd dif cross down 0; macd dif less than 0; macd sig great than 0; macd dif less than sig; "
SZ300294,博雅生物,2022-01-14,40.93,BUY_CHECK; SELL_CHECK; BUY_EARLY; SELL_MUST; BUY_CHECK; ,7.4,"macd historgram over 0 n days_4; sma21 under sma60; cross over sma60; SELL_MUST,close above sma60but macd dif less than 0, price expected to be drop back to under sma60, close 40.93 ,sma60 39.534; macd dif less than 0; macd sig less than 0; macd dif great than sig; "
SZ300320,海达股份,2022-01-14,13.41,BUY_CHECK; BUY_CHECK; BUY_EARLY; BUY_EARLY; SELL_MUST; SELL_CHECK; ,8.1,"macd dea_signal over 0 n days_54; close great than 1.2 sma200; cross over sma5; cross over sma60; SELL_MUST,close above sma60but macd dif less than 0, price expected to be drop back to under sma60, close 13.41 ,sma60 13.357333333333335; macd dif less than 0; macd sig great than 0; macd dif less than sig; "
SZ300335,迪森股份,2022-01-14,5.71,BUY_CHECK; SELL_CHECK; SELL_EARLY; SELL_MUST; SELL_CHECK; SELL_CHECK; ,5.2,"macd dea_signal over 0 n days_20; close under sma60; cross down sma60; SZ300335 2022-01-14,SELL_MUST, cross down sma60 and  macd dif cross down 0, price expected to continue drop. close 5.71 ,sma60 5.788333333333333; macd dif cross down 0; macd dif less than 0; macd sig great than 0; macd dif less than sig; "
SZ300342,天银机电,2022-01-14,13.41,BUY_CHECK; BUY_CHECK; SELL_MUST; BUY_CHECK; ,1.0,"macd historgram over 0 n days_3; ma55 near ma21; SELL_MUST,close above sma60but macd dif less than 0, price expected to be drop back to under sma60, close 13.41 ,sma60 13.217666666666666; macd dif less than 0; macd sig less than 0; macd dif great than sig; "
SZ300351,永贵电器,2022-01-14,14.29,BUY_CHECK; BUY_CHECK; BUY_CHECK; BUY_EARLY; SELL_MUST; SELL_CHECK; ,5.1,"macd dea_signal over 0 n days_48; close great than 1.05 sma60; close great than 1.2 sma200; cross over sma5; SELL_MUST,close above sma60but macd dif less than 0, price expected to be drop back to under sma60, close 14.29 ,sma60 13.277666666666667; macd dif less than 0; macd sig great than 0; macd dif less than sig; "
SZ300364,中文在线,2022-01-14,13.64,BUY_CHECK; BUY_CHECK; BUY_CHECK; SELL_MUST; SELL_CHECK; ,1.0,"macd dea_signal over 0 n days_52; close great than 1.05 sma60; close great than 1.2 sma200; SELL_MUST,close above sma60but macd dif less than 0, price expected to be drop back to under sma60, close 13.64 ,sma60 12.380333333333333; macd dif less than 0; macd sig great than 0; macd dif less than sig; "
SZ300428,立中集团,2022-01-14,23.1,BUY_CHECK; BUY_CHECK; BUY_CHECK; BUY_EARLY; SELL_MUST; SELL_CHECK; ,9.6,"macd dea_signal over 0 n days_38; close great than 1.05 sma60; close great than 1.2 sma200; cross over sma5; SELL_MUST,close above sma60but macd dif less than 0, price expected to be drop back to under sma60, close 23.1 ,sma60 20.853666666666665; macd dif less than 0; macd sig great than 0; macd dif less than sig; "
SZ300441,鲍斯股份,2022-01-14,10.14,BUY_CHECK; SELL_CHECK; SELL_EARLY; SELL_MUST; SELL_CHECK; SELL_CHECK; ,6.6,"macd dea_signal over 0 n days_29; close under sma60; cross down sma60; SZ300441 2022-01-14,SELL_MUST, cross down sma60 and  macd dif cross down 0, price expected to continue drop. close 10.14 ,sma60 10.515333333333333; macd dif cross down 0; macd dif less than 0; macd sig great than 0; macd dif less than sig; "
SZ300469,信息发展,2022-01-14,14.93,BUY_CHECK; BUY_CHECK; SELL_MUST; SELL_CHECK; ,1.0,"ma55 near ma21; close great than 1.2 sma200; SELL_MUST,close above sma60but macd dif less than 0, price expected to be drop back to under sma60, close 14.93 ,sma60 14.807333333333334; macd dif less than 0; macd sig less than 0; macd dif less than sig; "
SZ300496,中科创达,2022-01-14,149.89,BUY_CHECK; BUY_CHECK; SELL_CHECK; BUY_EARLY; BUY_EARLY; SELL_MUST; BUY_CHECK; BUY_CHECK; BUY_CHECK; ,15.0,"macd historgram over 0 n days_1; ma55 near ma21; sma21 under sma60; cross over sma21; cross over sma60; SELL_MUST,close above sma60but macd dif less than 0, price expected to be drop back to under sma60, close 149.89 ,sma60 142.79666666666665; macd dif cross over sig; macd cross over 0; macd dif less than 0; macd sig less than 0; macd dif great than sig; "
SZ300507,苏奥传感,2022-01-14,12.98,BUY_CHECK; BUY_CHECK; BUY_CHECK; BUY_EARLY; SELL_MUST; SELL_CHECK; ,6.0,"macd dea_signal over 0 n days_43; close great than 1.05 sma60; close great than 1.2 sma200; cross over sma5; SELL_MUST,close above sma60but macd dif less than 0, price expected to be drop back to under sma60, close 12.98 ,sma60 11.816833333333333; macd dif less than 0; macd sig great than 0; macd dif less than sig; "
SZ300547,川环科技,2022-01-14,13.04,BUY_CHECK; SELL_EARLY; SELL_MUST; SELL_CHECK; ,2.0,"macd dea_signal over 0 n days_41; cross down sma5; SELL_MUST,close above sma60but macd dif less than 0, price expected to be drop back to under sma60, close 13.04 ,sma60 13.0085; macd dif less than 0; macd sig great than 0; macd dif less than sig; "
SZ300550,和仁科技,2022-01-14,12.93,BUY_CHECK; SELL_EARLY; SELL_MUST; SELL_CHECK; ,3.0,"macd dea_signal over 0 n days_37; cross down sma5; SELL_MUST,close above sma60but macd dif less than 0, price expected to be drop back to under sma60, close 12.93 ,sma60 12.438666666666668; macd dif less than 0; macd sig great than 0; macd dif less than sig; "
SZ300563,神宇股份,2022-01-14,14.68,BUY_CHECK; BUY_CHECK; SELL_EARLY; SELL_MUST; BUY_CHECK; ,2.0,"macd historgram over 0 n days_2; ma55 near ma21; cross down sma21; SELL_MUST,close above sma60but macd dif less than 0, price expected to be drop back to under sma60, close 14.68 ,sma60 14.605166666666667; macd dif less than 0; macd sig less than 0; macd dif great than sig; "
SZ300567,精测电子,2022-01-14,60.95,BUY_CHECK; BUY_EARLY; SELL_MUST; SELL_CHECK; ,1.4,"macd dea_signal over 0 n days_40; cross over sma60; SELL_MUST,close above sma60but macd dif less than 0, price expected to be drop back to under sma60, close 60.95 ,sma60 60.798; macd dif less than 0; macd sig great than 0; macd dif less than sig; "
SZ300593,新雷能,2022-01-14,55.35,BUY_CHECK; SELL_CHECK; SELL_MUST; BUY_CHECK; ,1.0,"macd historgram over 0 n days_2; sma21 under sma60; SELL_MUST,close above sma60but macd dif less than 0, price expected to be drop back to under sma60, close 55.35 ,sma60 53.01983333333333; macd dif less than 0; macd sig less than 0; macd dif great than sig; "
SZ300630,普利制药,2022-01-14,51.5,BUY_CHECK; BUY_CHECK; BUY_EARLY; BUY_EARLY; SELL_MUST; SELL_CHECK; ,5.1,"macd dea_signal over 0 n days_70; ma55 near ma21; cross over sma5; cross over sma60; SELL_MUST,close above sma60but macd dif less than 0, price expected to be drop back to under sma60, close 51.5 ,sma60 51.273500000000006; macd dif less than 0; macd sig great than 0; macd dif less than sig; "
SZ300645,正元智慧,2022-01-14,22.58,BUY_CHECK; SELL_MUST; SELL_CHECK; SELL_CHECK; ,1.0,"macd dea_signal over 0 n days_42; SELL_MUST,close above sma60but macd dif less than 0, price expected to be drop back to under sma60, close 22.58 ,sma60 22.5165; macd dif cross down 0; macd dif less than 0; macd sig great than 0; macd dif less than sig; "
SZ300667,必创科技,2022-01-14,24.37,BUY_CHECK; SELL_CHECK; SELL_MUST; BUY_CHECK; ,1.0,"macd historgram over 0 n days_2; sma21 under sma60; SELL_MUST,close above sma60but macd dif less than 0, price expected to be drop back to under sma60, close 24.37 ,sma60 23.567999999999998; macd dif less than 0; macd sig less than 0; macd dif great than sig; "
SZ300745,欣锐科技,2022-01-14,66.8,BUY_CHECK; BUY_CHECK; BUY_CHECK; BUY_EARLY; BUY_EARLY; SELL_MUST; SELL_CHECK; ,15.0,"ma55 near ma21; close great than 1.05 sma60; close great than 1.2 sma200; cross over sma21; cross over sma60; SELL_MUST,close above sma60but macd dif less than 0, price expected to be drop back to under sma60, close 66.8 ,sma60 63.38233333333333; macd dif less than 0; macd sig less than 0; macd dif less than sig; "
SZ300769,德方纳米,2022-01-14,571.01,BUY_CHECK; SELL_CHECK; BUY_CHECK; BUY_EARLY; SELL_MUST; BUY_CHECK; ,10.1,"macd historgram over 0 n days_3; sma21 under sma60; close great than 1.2 sma200; cross over sma60; SELL_MUST,close above sma60but macd dif less than 0, price expected to be drop back to under sma60, close 571.01 ,sma60 563.0611666666666; macd dif less than 0; macd sig less than 0; macd dif great than sig; "
SZ300816,艾可蓝,2022-01-14,55.6,BUY_CHECK; BUY_CHECK; SELL_CHECK; BUY_CHECK; SELL_MUST; BUY_CHECK; ,1.0,"macd historgram over 0 n days_2; ma55 near ma21; sma21 under sma60; close great than 1.05 sma60; SELL_MUST,close above sma60but macd dif less than 0, price expected to be drop back to under sma60, close 55.6 ,sma60 52.26833333333333; macd dif less than 0; macd sig less than 0; macd dif great than sig; "
SZ300855,图南股份,2022-01-14,63.27,BUY_CHECK; BUY_EARLY; SELL_MUST; SELL_CHECK; ,4.3,"close great than 1.2 sma200; cross over sma5; SELL_MUST,close above sma60but macd dif less than 0, price expected to be drop back to under sma60, close 63.27 ,sma60 63.242333333333335; macd dif less than 0; macd sig less than 0; macd dif less than sig; "
SZ300857,协创数据,2022-01-14,29.08,BUY_CHECK; BUY_EARLY; SELL_MUST; SELL_CHECK; ,4.6,"ma55 near ma21; cross over sma60; SELL_MUST,close above sma60but macd dif less than 0, price expected to be drop back to under sma60, close 29.08 ,sma60 28.269333333333336; macd dif less than 0; macd sig less than 0; macd dif less than sig; "
SZ300876,蒙泰高新,2022-01-14,30.6,BUY_CHECK; BUY_CHECK; SELL_EARLY; SELL_EARLY; SELL_MUST; BUY_CHECK; ,4.0,"macd historgram over 0 n days_3; ma55 near ma21; cross down sma5; cross down sma21; SELL_MUST,close above sma60but macd dif less than 0, price expected to be drop back to under sma60, close 30.6 ,sma60 30.4805; macd dif less than 0; macd sig less than 0; macd dif great than sig; "
SZ300885,海昌新材,2022-01-14,19.86,BUY_CHECK; BUY_CHECK; SELL_CHECK; SELL_MUST; BUY_CHECK; ,1.0,"macd historgram over 0 n days_5; ma55 near ma21; sma21 under sma60; SELL_MUST,close above sma60but macd dif less than 0, price expected to be drop back to under sma60, close 19.86 ,sma60 19.663166666666665; macd dif less than 0; macd sig less than 0; macd dif great than sig; "
SZ300906,日月明,2022-01-14,32.97,BUY_CHECK; BUY_CHECK; SELL_MUST; BUY_CHECK; ,1.0,"macd historgram over 0 n days_5; ma55 near ma21; SELL_MUST,close above sma60but macd dif less than 0, price expected to be drop back to under sma60, close 32.97 ,sma60 32.39366666666667; macd dif less than 0; macd sig less than 0; macd dif great than sig; "
SZ300935,盈建科,2022-01-14,55.79,BUY_CHECK; SELL_CHECK; SELL_EARLY; SELL_MUST; SELL_CHECK; SELL_CHECK; SELL_CHECK; SELL_CHECK; ,4.8,"ma55 near ma21; close under sma60; cross down sma60; SZ300935 2022-01-14,SELL_MUST, cross down sma60 and  macd dif cross down 0, price expected to continue drop. close 55.79 ,sma60 56.44116666666666; macd dif cross down sig; macd cross down 0; macd dif cross down 0; macd dif less than 0; macd sig less than 0; macd dif less than sig; "
SZ300938,信测标准,2022-01-14,47.1,BUY_CHECK; SELL_MUST; SELL_CHECK; ,1.0,"macd dea_signal over 0 n days_33; SELL_MUST,close above sma60but macd dif less than 0, price expected to be drop back to under sma60, close 47.1 ,sma60 46.787000000000006; macd dif less than 0; macd sig great than 0; macd dif less than sig; "
SZ300949,奥雅设计,2022-01-14,60.65,BUY_CHECK; BUY_CHECK; SELL_MUST; SELL_CHECK; SELL_CHECK; ,1.0,"macd dea_signal over 0 n days_42; close great than 1.05 sma60; SELL_MUST,close above sma60but macd dif less than 0, price expected to be drop back to under sma60, close 60.65 ,sma60 57.39766666666666; macd dif cross down 0; macd dif less than 0; macd sig great than 0; macd dif less than sig; "
SZ300953,震裕科技,2022-01-14,139.0,BUY_CHECK; SELL_CHECK; BUY_CHECK; BUY_EARLY; BUY_EARLY; SELL_MUST; BUY_CHECK; ,15.0,"macd historgram over 0 n days_2; sma21 under sma60; close great than 1.2 sma200; cross over sma21; cross over sma60; SELL_MUST,close above sma60but macd dif less than 0, price expected to be drop back to under sma60, close 139.0 ,sma60 137.68833333333336; macd dif less than 0; macd sig less than 0; macd dif great than sig; "
SZ300969,恒帅股份,2022-01-14,128.5,BUY_CHECK; SELL_CHECK; BUY_CHECK; BUY_EARLY; SELL_MUST; BUY_CHECK; ,5.9,"macd historgram over 0 n days_3; sma21 under sma60; close great than 1.2 sma200; cross over sma60; SELL_MUST,close above sma60but macd dif less than 0, price expected to be drop back to under sma60, close 128.5 ,sma60 125.88466666666666; macd dif less than 0; macd sig less than 0; macd dif great than sig; "
SZ300977,深圳瑞捷,2022-01-14,55.08,BUY_CHECK; SELL_MUST; SELL_CHECK; SELL_CHECK; ,1.0,"macd dea_signal over 0 n days_38; SELL_MUST,close above sma60but macd dif less than 0, price expected to be drop back to under sma60, close 55.08 ,sma60 55.00566666666667; macd dif cross down 0; macd dif less than 0; macd sig great than 0; macd dif less than sig; "
SZ300987,川网传媒,2022-01-14,34.74,BUY_CHECK; SELL_MUST; SELL_CHECK; SELL_CHECK; ,1.0,"macd dea_signal over 0 n days_39; SELL_MUST,close above sma60but macd dif less than 0, price expected to be drop back to under sma60, close 34.74 ,sma60 33.652166666666666; macd dif cross down 0; macd dif less than 0; macd sig great than 0; macd dif less than sig; "
SZ300996,普联软件,2022-01-14,33.31,BUY_CHECK; SELL_CHECK; SELL_MUST; BUY_CHECK; ,1.0,"macd historgram over 0 n days_9; sma21 under sma60; SELL_MUST,close above sma60but macd dif less than 0, price expected to be drop back to under sma60, close 33.31 ,sma60 32.77016666666667; macd dif less than 0; macd sig less than 0; macd dif great than sig; "
SZ300997,欢乐家,2022-01-14,17.85,BUY_CHECK; BUY_CHECK; SELL_MUST; BUY_CHECK; ,1.0,"macd historgram over 0 n days_2; ma55 near ma21; SELL_MUST,close above sma60but macd dif less than 0, price expected to be drop back to under sma60, close 17.85 ,sma60 17.535; macd dif less than 0; macd sig less than 0; macd dif great than sig; "
SZ301006,迈拓股份,2022-01-14,25.3,BUY_CHECK; BUY_CHECK; SELL_CHECK; SELL_MUST; BUY_CHECK; ,1.0,"macd historgram over 0 n days_9; ma55 near ma21; sma21 under sma60; SELL_MUST,close above sma60but macd dif less than 0, price expected to be drop back to under sma60, close 25.3 ,sma60 24.976833333333335; macd dif less than 0; macd sig less than 0; macd dif great than sig; "
SZ301009,可靠股份,2022-01-14,20.2,BUY_CHECK; SELL_CHECK; BUY_EARLY; SELL_MUST; BUY_CHECK; ,5.9,"macd historgram over 0 n days_7; sma21 under sma60; cross over sma60; SELL_MUST,close above sma60but macd dif less than 0, price expected to be drop back to under sma60, close 20.2 ,sma60 19.371333333333332; macd dif less than 0; macd sig less than 0; macd dif great than sig; "
SZ301037,保立佳,2022-01-14,25.82,BUY_CHECK; BUY_CHECK; SELL_MUST; BUY_CHECK; ,1.0,"macd historgram over 0 n days_4; ma55 near ma21; SELL_MUST,close above sma60but macd dif less than 0, price expected to be drop back to under sma60, close 25.82 ,sma60 25.324833333333334; macd dif less than 0; macd sig less than 0; macd dif great than sig; "
SZ301039,中集车辆,2022-01-14,12.26,SELL_EARLY; SELL_MUST; SELL_CHECK; SELL_CHECK; ,2.0,"cross down sma5; SELL_MUST,close above sma60but macd dif less than 0, price expected to be drop back to under sma60, close 12.26 ,sma60 12.156833333333335; macd sig cross down 0; macd dif less than 0; macd sig less than 0; macd dif less than sig; "
SZ301047,义翘神州,2022-01-14,368.15,BUY_CHECK; BUY_CHECK; SELL_CHECK; BUY_EARLY; BUY_EARLY; BUY_EARLY; SELL_MUST; BUY_CHECK; ,20.7,"macd historgram over 0 n days_8; ma55 near ma21; sma21 under sma60; cross over sma5; cross over sma21; cross over sma60; SELL_MUST,close above sma60but macd dif less than 0, price expected to be drop back to under sma60, close 368.15 ,sma60 359.0821666666667; macd dif less than 0; macd sig less than 0; macd dif great than sig; "
SH600058,五矿发展,2022-01-14,8.76,BUY_CHECK; SELL_CHECK; SELL_EARLY; SELL_MUST; SELL_CHECK; SELL_CHECK; ,6.0,"macd dea_signal over 0 n days_28; close under sma60; cross down sma60; SH600058 2022-01-14,SELL_MUST, cross down sma60 and  macd dif cross down 0, price expected to continue drop. close 8.76 ,sma60 8.983833333333333; macd dif cross down 0; macd dif less than 0; macd sig great than 0; macd dif less than sig; "
SH600059,古越龙山,2022-01-14,11.5,BUY_CHECK; SELL_CHECK; SELL_EARLY; SELL_MUST; SELL_CHECK; SELL_CHECK; ,3.8,"macd dea_signal over 0 n days_46; close under sma60; cross down sma60; SH600059 2022-01-14,SELL_MUST, cross down sma60 and  macd dif cross down 0, price expected to continue drop. close 11.5 ,sma60 11.602333333333336; macd dif cross down 0; macd dif less than 0; macd sig great than 0; macd dif less than sig; "
SH600067,冠城大通,2022-01-14,3.92,SELL_CHECK; SELL_EARLY; SELL_EARLY; SELL_EARLY; SELL_MUST; SELL_CHECK; SELL_CHECK; SELL_CHECK; ,15.6,"close under sma60; cross down sma5; cross down sma21; cross down sma60; SH600067 2022-01-14,SELL_MUST, cross down sma60 and  macd dif cross down 0, price expected to continue drop. close 3.92 ,sma60 3.9606666666666666; macd dif cross down sig; macd dif cross down 0; macd dif less than 0; macd dif less than sig; "
SH600117,西宁特钢,2022-01-14,4.09,SELL_MUST; SELL_CHECK; ,1.0,"SELL_MUST,close above sma60but macd dif less than 0, price expected to be drop back to under sma60, close 4.09 ,sma60 4.078333333333334; macd dif less than 0; macd dif less than sig; "
SH600184,光电股份,2022-01-14,14.16,BUY_CHECK; SELL_MUST; SELL_CHECK; ,1.0,"macd dea_signal over 0 n days_49; SELL_MUST,close above sma60but macd dif less than 0, price expected to be drop back to under sma60, close 14.16 ,sma60 13.832166666666666; macd dif less than 0; macd sig great than 0; macd dif less than sig; "
SH600215,派斯林,2022-01-14,9.01,BUY_CHECK; SELL_CHECK; BUY_EARLY; SELL_MUST; BUY_CHECK; ,2.7,"macd historgram over 0 n days_4; sma21 under sma60; cross over sma60; SELL_MUST,close above sma60but macd dif less than 0, price expected to be drop back to under sma60, close 9.01 ,sma60 8.937333333333333; macd dif less than 0; macd sig less than 0; macd dif great than sig; "
SH600234,科新发展,2022-01-14,10.06,BUY_CHECK; SELL_MUST; SELL_CHECK; SELL_CHECK; ,1.0,"macd dea_signal over 0 n days_20; SELL_MUST,close above sma60but macd dif less than 0, price expected to be drop back to under sma60, close 10.06 ,sma60 9.912833333333333; macd dif cross down 0; macd dif less than 0; macd sig great than 0; macd dif less than sig; "
SH600275,*ST昌鱼,2022-01-14,2.86,BUY_CHECK; SELL_CHECK; BUY_EARLY; SELL_MUST; BUY_CHECK; ,6.2,"macd historgram over 0 n days_9; sma21 under sma60; cross over sma60; SELL_MUST,close above sma60but macd dif less than 0, price expected to be drop back to under sma60, close 2.86 ,sma60 2.8006666666666664; macd dif less than 0; macd sig less than 0; macd dif great than sig; "
SH600292,远达环保,2022-01-14,8.0,BUY_CHECK; SELL_CHECK; SELL_EARLY; SELL_MUST; SELL_CHECK; SELL_CHECK; ,4.5,"macd dea_signal over 0 n days_30; close under sma60; cross down sma60; SH600292 2022-01-14,SELL_MUST, cross down sma60 and  macd dif cross down 0, price expected to continue drop. close 8.0 ,sma60 8.091833333333334; macd dif cross down 0; macd dif less than 0; macd sig great than 0; macd dif less than sig; "
SH600318,新力金融,2022-01-14,11.66,BUY_CHECK; BUY_CHECK; BUY_CHECK; BUY_EARLY; SELL_MUST; SELL_CHECK; ,2.6,"macd dea_signal over 0 n days_42; close great than 1.05 sma60; close great than 1.2 sma200; cross over sma5; SELL_MUST,close above sma60but macd dif less than 0, price expected to be drop back to under sma60, close 11.66 ,sma60 10.454833333333333; macd dif less than 0; macd sig great than 0; macd dif less than sig; "
SH600335,国机汽车,2022-01-14,8.21,BUY_CHECK; BUY_CHECK; SELL_MUST; SELL_CHECK; ,1.0,"macd dea_signal over 0 n days_83; close great than 1.2 sma200; SELL_MUST,close above sma60but macd dif less than 0, price expected to be drop back to under sma60, close 8.21 ,sma60 7.846333333333333; macd dif less than 0; macd sig great than 0; macd dif less than sig; "
SH600552,凯盛科技,2022-01-14,10.87,BUY_CHECK; BUY_CHECK; BUY_EARLY; BUY_EARLY; SELL_MUST; SELL_CHECK; ,9.2,"macd dea_signal over 0 n days_39; close great than 1.2 sma200; cross over sma5; cross over sma60; SELL_MUST,close above sma60but macd dif less than 0, price expected to be drop back to under sma60, close 10.87 ,sma60 10.655166666666668; macd dif less than 0; macd sig great than 0; macd dif less than sig; "
SH600559,老白干酒,2022-01-14,25.74,BUY_CHECK; SELL_MUST; SELL_CHECK; ,1.0,"macd dea_signal over 0 n days_39; SELL_MUST,close above sma60but macd dif less than 0, price expected to be drop back to under sma60, close 25.74 ,sma60 25.336000000000002; macd dif less than 0; macd sig great than 0; macd dif less than sig; "
SH600562,国睿科技,2022-01-14,16.6,BUY_CHECK; SELL_MUST; SELL_CHECK; SELL_CHECK; ,1.0,"macd dea_signal over 0 n days_55; SELL_MUST,close above sma60but macd dif less than 0, price expected to be drop back to under sma60, close 16.6 ,sma60 16.56; macd dif cross down 0; macd dif less than 0; macd sig great than 0; macd dif less than sig; "
SH600642,申能股份,2022-01-14,6.67,BUY_CHECK; SELL_MUST; SELL_CHECK; ,1.0,"macd dea_signal over 0 n days_26; SELL_MUST,close above sma60but macd dif less than 0, price expected to be drop back to under sma60, close 6.67 ,sma60 6.595666666666667; macd dif less than 0; macd sig great than 0; macd dif less than sig; "
SH600734,*ST实达,2022-01-14,3.16,BUY_CHECK; BUY_EARLY; BUY_EARLY; SELL_MUST; SELL_CHECK; ,10.1,"close great than 1.2 sma200; cross over sma5; cross over sma60; SELL_MUST,close above sma60but macd dif less than 0, price expected to be drop back to under sma60, close 3.16 ,sma60 3.0468333333333333; macd dif less than 0; macd sig less than 0; macd dif less than sig; "
SH600764,中国海防,2022-01-14,34.83,BUY_CHECK; SELL_MUST; SELL_CHECK; ,1.0,"macd dea_signal over 0 n days_49; SELL_MUST,close above sma60but macd dif less than 0, price expected to be drop back to under sma60, close 34.83 ,sma60 34.095333333333336; macd dif less than 0; macd sig great than 0; macd dif less than sig; "
SH600854,春兰股份,2022-01-14,5.51,BUY_CHECK; SELL_MUST; SELL_CHECK; SELL_CHECK; ,1.0,"close great than 1.2 sma200; SELL_MUST,close above sma60but macd dif less than 0, price expected to be drop back to under sma60, close 5.51 ,sma60 5.447166666666667; macd sig cross down 0; macd dif less than 0; macd sig less than 0; macd dif less than sig; "
SH600995,文山电力,2022-01-14,18.18,BUY_CHECK; BUY_CHECK; BUY_CHECK; SELL_MUST; SELL_CHECK; ,1.0,"macd dea_signal over 0 n days_82; ma55 near ma21; close great than 1.2 sma200; SELL_MUST,close above sma60but macd dif less than 0, price expected to be drop back to under sma60, close 18.18 ,sma60 18.150833333333335; macd dif less than 0; macd sig great than 0; macd dif less than sig; "
SH601108,财通证券,2022-01-14,10.38,BUY_CHECK; SELL_CHECK; SELL_MUST; SELL_CHECK; SELL_CHECK; ,2.0,"macd dea_signal over 0 n days_26; close under sma60; SH601108 2022-01-14,SELL_MUST, cross down sma60 and  macd dif cross down 0, price expected to continue drop. close 10.38 ,sma60 10.690666666666667; macd dif cross down 0; macd dif less than 0; macd sig great than 0; macd dif less than sig; "
SH601226,华电重工,2022-01-14,5.95,BUY_CHECK; BUY_CHECK; SELL_MUST; SELL_CHECK; ,1.0,"macd dea_signal over 0 n days_46; close great than 1.2 sma200; SELL_MUST,close above sma60but macd dif less than 0, price expected to be drop back to under sma60, close 5.95 ,sma60 5.911166666666667; macd dif less than 0; macd sig great than 0; macd dif less than sig; "
SH601628,中国人寿,2022-01-14,29.0,BUY_CHECK; BUY_CHECK; SELL_CHECK; SELL_EARLY; SELL_MUST; SELL_CHECK; SELL_CHECK; ,5.4,"macd dea_signal over 0 n days_20; ma55 near ma21; close under sma60; cross down sma60; SH601628 2022-01-14,SELL_MUST, cross down sma60 and  macd dif cross down 0, price expected to continue drop. close 29.0 ,sma60 29.968500000000002; macd dif cross down 0; macd dif less than 0; macd sig great than 0; macd dif less than sig; "
SH601689,拓普集团,2022-01-14,56.39,BUY_CHECK; SELL_CHECK; BUY_CHECK; BUY_EARLY; BUY_EARLY; BUY_EARLY; SELL_MUST; BUY_CHECK; ,25.3,"macd historgram over 0 n days_3; sma21 under sma60; close great than 1.2 sma200; cross over sma5; cross over sma21; cross over sma60; SELL_MUST,close above sma60but macd dif less than 0, price expected to be drop back to under sma60, close 56.39 ,sma60 53.710833333333326; macd dif less than 0; macd sig less than 0; macd dif great than sig; "
SH601881,中国银河,2022-01-14,10.59,BUY_CHECK; BUY_CHECK; SELL_CHECK; SELL_EARLY; SELL_EARLY; SELL_MUST; SELL_CHECK; SELL_CHECK; ,6.7,"macd dea_signal over 0 n days_46; ma55 near ma21; close under sma60; cross down sma5; cross down sma60; SH601881 2022-01-14,SELL_MUST, cross down sma60 and  macd dif cross down 0, price expected to continue drop. close 10.59 ,sma60 10.753333333333334; macd dif cross down 0; macd dif less than 0; macd sig great than 0; macd dif less than sig; "
SH601990,南京证券,2022-01-14,9.62,BUY_CHECK; BUY_CHECK; SELL_CHECK; SELL_EARLY; SELL_MUST; SELL_CHECK; SELL_CHECK; ,4.4,"macd dea_signal over 0 n days_22; ma55 near ma21; close under sma60; cross down sma60; SH601990 2022-01-14,SELL_MUST, cross down sma60 and  macd dif cross down 0, price expected to continue drop. close 9.62 ,sma60 9.803500000000001; macd dif cross down 0; macd dif less than 0; macd sig great than 0; macd dif less than sig; "
SH603006,联明股份,2022-01-14,10.78,BUY_CHECK; SELL_EARLY; SELL_MUST; SELL_CHECK; ,4.0,"macd dea_signal over 0 n days_51; cross down sma5; SELL_MUST,close above sma60but macd dif less than 0, price expected to be drop back to under sma60, close 10.78 ,sma60 10.602; macd dif less than 0; macd sig great than 0; macd dif less than sig; "
SH603013,亚普股份,2022-01-14,17.05,SELL_MUST; SELL_CHECK; ,1.0,"SELL_MUST,close above sma60but macd dif less than 0, price expected to be drop back to under sma60, close 17.05 ,sma60 16.4585; macd dif less than 0; macd sig less than 0; macd dif less than sig; "
SH603032,*ST德新,2022-01-14,71.49,BUY_CHECK; BUY_EARLY; SELL_MUST; SELL_CHECK; ,7.7,"close great than 1.2 sma200; cross over sma5; SELL_MUST,close above sma60but macd dif less than 0, price expected to be drop back to under sma60, close 71.49 ,sma60 68.68900000000001; macd dif less than 0; macd sig great than 0; macd dif less than sig; "
SH603165,荣晟环保,2022-01-14,17.69,BUY_CHECK; BUY_EARLY; SELL_MUST; SELL_CHECK; ,3.1,"close great than 1.2 sma200; cross over sma60; SELL_MUST,close above sma60but macd dif less than 0, price expected to be drop back to under sma60, close 17.69 ,sma60 17.566666666666666; macd dif less than 0; macd sig less than 0; macd dif less than sig; "
SH603220,中贝通信,2022-01-14,15.94,BUY_CHECK; SELL_MUST; SELL_CHECK; ,1.0,"macd dea_signal over 0 n days_34; SELL_MUST,close above sma60but macd dif less than 0, price expected to be drop back to under sma60, close 15.94 ,sma60 15.408333333333333; macd dif less than 0; macd sig great than 0; macd dif less than sig; "
SH603286,日盈电子,2022-01-14,19.7,BUY_CHECK; BUY_CHECK; BUY_EARLY; BUY_EARLY; SELL_MUST; SELL_CHECK; ,8.1,"ma55 near ma21; close great than 1.2 sma200; cross over sma21; cross over sma60; SELL_MUST,close above sma60but macd dif less than 0, price expected to be drop back to under sma60, close 19.7 ,sma60 19.237333333333332; macd dif less than 0; macd sig less than 0; macd dif less than sig; "
SH603305,旭升股份,2022-01-14,46.96,BUY_CHECK; BUY_CHECK; BUY_CHECK; BUY_EARLY; SELL_MUST; SELL_CHECK; ,3.8,"macd dea_signal over 0 n days_60; ma55 near ma21; close great than 1.2 sma200; cross over sma60; SELL_MUST,close above sma60but macd dif less than 0, price expected to be drop back to under sma60, close 46.96 ,sma60 45.68966666666667; macd dif less than 0; macd sig great than 0; macd dif less than sig; "
SH603318,水发燃气,2022-01-14,8.62,SELL_EARLY; SELL_EARLY; SELL_MUST; SELL_CHECK; ,9.0,"cross down sma5; cross down sma21; SELL_MUST,close above sma60but macd dif less than 0, price expected to be drop back to under sma60, close 8.62 ,sma60 8.525833333333333; macd dif less than 0; macd dif less than sig; "
SH603319,湘油泵,2022-01-14,27.03,BUY_CHECK; BUY_EARLY; BUY_EARLY; SELL_MUST; SELL_CHECK; ,19.0,"close great than 1.05 sma60; cross over sma5; cross over sma21; SELL_MUST,close above sma60but macd dif less than 0, price expected to be drop back to under sma60, close 27.03 ,sma60 24.680999999999997; macd dif less than 0; macd sig less than 0; macd dif less than sig; "
SH603331,百达精工,2022-01-14,12.76,BUY_CHECK; SELL_EARLY; SELL_EARLY; SELL_MUST; SELL_CHECK; SELL_CHECK; ,7.0,"macd dea_signal over 0 n days_40; cross down sma5; cross down sma21; SELL_MUST,close above sma60but macd dif less than 0, price expected to be drop back to under sma60, close 12.76 ,sma60 12.343333333333334; macd dif cross down 0; macd dif less than 0; macd sig great than 0; macd dif less than sig; "
SH603335,迪生力,2022-01-14,6.36,BUY_CHECK; BUY_CHECK; BUY_CHECK; SELL_MUST; SELL_CHECK; ,1.0,"macd dea_signal over 0 n days_44; close great than 1.05 sma60; close great than 1.2 sma200; SELL_MUST,close above sma60but macd dif less than 0, price expected to be drop back to under sma60, close 6.36 ,sma60 5.841833333333333; macd dif less than 0; macd sig great than 0; macd dif less than sig; "
SH603337,杰克股份,2022-01-14,24.37,BUY_CHECK; BUY_CHECK; SELL_CHECK; BUY_EARLY; BUY_EARLY; SELL_MUST; BUY_CHECK; ,5.9,"macd historgram over 0 n days_5; ma55 near ma21; sma21 under sma60; cross over sma21; cross over sma60; SELL_MUST,close above sma60but macd dif less than 0, price expected to be drop back to under sma60, close 24.37 ,sma60 24.2185; macd dif less than 0; macd sig less than 0; macd dif great than sig; "
SH603516,淳中科技,2022-01-14,19.13,BUY_CHECK; SELL_MUST; SELL_CHECK; SELL_CHECK; ,1.0,"macd dea_signal over 0 n days_35; SELL_MUST,close above sma60but macd dif less than 0, price expected to be drop back to under sma60, close 19.13 ,sma60 18.677833333333336; macd dif cross down 0; macd dif less than 0; macd sig great than 0; macd dif less than sig; "
SH603556,海兴电力,2022-01-14,13.55,BUY_CHECK; SELL_MUST; SELL_CHECK; ,1.0,"macd dea_signal over 0 n days_42; SELL_MUST,close above sma60but macd dif less than 0, price expected to be drop back to under sma60, close 13.55 ,sma60 13.462833333333332; macd dif less than 0; macd sig great than 0; macd dif less than sig; "
SH603611,诺力股份,2022-01-14,19.82,BUY_CHECK; BUY_CHECK; SELL_CHECK; BUY_CHECK; BUY_EARLY; SELL_MUST; BUY_CHECK; ,3.0,"macd historgram over 0 n days_3; ma55 near ma21; sma21 under sma60; close great than 1.2 sma200; cross over sma60; SELL_MUST,close above sma60but macd dif less than 0, price expected to be drop back to under sma60, close 19.82 ,sma60 19.60066666666667; macd dif less than 0; macd sig less than 0; macd dif great than sig; "
SH603637,镇海股份,2022-01-14,9.2,BUY_CHECK; SELL_EARLY; SELL_MUST; SELL_CHECK; ,3.0,"macd dea_signal over 0 n days_36; cross down sma5; SELL_MUST,close above sma60but macd dif less than 0, price expected to be drop back to under sma60, close 9.2 ,sma60 8.834833333333332; macd dif less than 0; macd sig great than 0; macd dif less than sig; "
SH603663,三祥新材,2022-01-14,23.7,BUY_CHECK; BUY_CHECK; BUY_EARLY; SELL_MUST; SELL_CHECK; ,3.8,"macd dea_signal over 0 n days_41; close great than 1.2 sma200; cross over sma5; SELL_MUST,close above sma60but macd dif less than 0, price expected to be drop back to under sma60, close 23.7 ,sma60 23.142666666666667; macd dif less than 0; macd sig great than 0; macd dif less than sig; "
SH603666,亿嘉和,2022-01-14,73.55,SELL_MUST; SELL_CHECK; ,1.0,"SELL_MUST,close above sma60but macd dif less than 0, price expected to be drop back to under sma60, close 73.55 ,sma60 70.57283333333335; macd dif less than 0; macd sig less than 0; macd dif less than sig; "
SH603701,德宏股份,2022-01-14,9.97,BUY_CHECK; SELL_EARLY; SELL_MUST; SELL_CHECK; ,3.0,"macd dea_signal over 0 n days_35; cross down sma5; SELL_MUST,close above sma60but macd dif less than 0, price expected to be drop back to under sma60, close 9.97 ,sma60 9.653333333333334; macd dif less than 0; macd sig great than 0; macd dif less than sig; "
SH603728,鸣志电器,2022-01-14,22.82,BUY_CHECK; BUY_CHECK; BUY_EARLY; SELL_MUST; SELL_CHECK; SELL_CHECK; ,6.2,"close great than 1.05 sma60; close great than 1.2 sma200; cross over sma21; SELL_MUST,close above sma60but macd dif less than 0, price expected to be drop back to under sma60, close 22.82 ,sma60 21.026166666666665; macd sig cross down 0; macd dif less than 0; macd sig less than 0; macd dif less than sig; "
SH603788,宁波高发,2022-01-14,14.25,BUY_CHECK; BUY_EARLY; SELL_MUST; SELL_CHECK; ,1.9,"ma55 near ma21; cross over sma21; SELL_MUST,close above sma60but macd dif less than 0, price expected to be drop back to under sma60, close 14.25 ,sma60 14.072166666666666; macd dif less than 0; macd sig less than 0; macd dif less than sig; "
SH603797,联泰环保,2022-01-14,6.72,BUY_CHECK; BUY_CHECK; SELL_CHECK; SELL_EARLY; SELL_EARLY; SELL_MUST; SELL_CHECK; SELL_CHECK; ,6.5,"macd dea_signal over 0 n days_26; ma55 near ma21; close under sma60; cross down sma5; cross down sma60; SH603797 2022-01-14,SELL_MUST, cross down sma60 and  macd dif cross down 0, price expected to continue drop. close 6.72 ,sma60 6.8358333333333325; macd dif cross down 0; macd dif less than 0; macd sig great than 0; macd dif less than sig; "
SH603819,神力股份,2022-01-14,13.29,BUY_CHECK; SELL_CHECK; BUY_CHECK; SELL_EARLY; SELL_MUST; SELL_CHECK; SELL_CHECK; ,4.9,"macd dea_signal over 0 n days_90; close under sma60; close great than 1.2 sma200; cross down sma60; SH603819 2022-01-14,SELL_MUST, cross down sma60 and  macd dif cross down 0, price expected to continue drop. close 13.29 ,sma60 13.482; macd dif cross down 0; macd dif less than 0; macd sig great than 0; macd dif less than sig; "
SH603863,ST松炀,2022-01-14,8.99,BUY_CHECK; SELL_MUST; SELL_CHECK; ,1.0,"macd dea_signal over 0 n days_50; SELL_MUST,close above sma60but macd dif less than 0, price expected to be drop back to under sma60, close 8.99 ,sma60 8.832; macd dif less than 0; macd sig great than 0; macd dif less than sig; "
SH603917,合力科技,2022-01-14,19.66,BUY_CHECK; BUY_CHECK; BUY_EARLY; BUY_EARLY; SELL_MUST; SELL_CHECK; ,10.0,"ma55 near ma21; close great than 1.2 sma200; cross over sma5; cross over sma60; SELL_MUST,close above sma60but macd dif less than 0, price expected to be drop back to under sma60, close 19.66 ,sma60 19.600666666666665; macd dif less than 0; macd sig less than 0; macd dif less than sig; "
SH603928,兴业股份,2022-01-14,12.37,BUY_CHECK; SELL_EARLY; SELL_EARLY; SELL_MUST; ,5.0,"ma55 near ma21; cross down sma5; cross down sma21; SELL_MUST,close above sma60but macd dif less than 0, price expected to be drop back to under sma60, close 12.37 ,sma60 12.09; macd dif less than 0; macd sig less than 0; "
SH603982,泉峰汽车,2022-01-14,44.12,BUY_CHECK; BUY_CHECK; BUY_CHECK; BUY_EARLY; SELL_MUST; SELL_CHECK; ,6.7,"macd dea_signal over 0 n days_95; close great than 1.05 sma60; close great than 1.2 sma200; cross over sma21; SELL_MUST,close above sma60but macd dif less than 0, price expected to be drop back to under sma60, close 44.12 ,sma60 39.12766666666667; macd dif less than 0; macd sig great than 0; macd dif less than sig; "
SH605005,合兴股份,2022-01-14,24.47,BUY_CHECK; SELL_CHECK; BUY_CHECK; BUY_EARLY; BUY_EARLY; SELL_MUST; BUY_CHECK; BUY_CHECK; BUY_CHECK; ,12.0,"macd historgram over 0 n days_1; sma21 under sma60; close great than 1.2 sma200; cross over sma21; cross over sma60; SELL_MUST,close above sma60but macd dif less than 0, price expected to be drop back to under sma60, close 24.47 ,sma60 23.877333333333336; macd dif cross over sig; macd cross over 0; macd dif less than 0; macd sig less than 0; macd dif great than sig; "
SH605050,福然德,2022-01-14,14.06,BUY_CHECK; BUY_CHECK; BUY_CHECK; SELL_MUST; SELL_CHECK; ,1.0,"macd dea_signal over 0 n days_40; close great than 1.05 sma60; close great than 1.2 sma200; SELL_MUST,close above sma60but macd dif less than 0, price expected to be drop back to under sma60, close 14.06 ,sma60 12.787666666666667; macd dif less than 0; macd sig great than 0; macd dif less than sig; "
SH605088,冠盛股份,2022-01-14,14.95,BUY_CHECK; BUY_CHECK; SELL_CHECK; SELL_EARLY; SELL_MUST; BUY_CHECK; ,3.0,"macd historgram over 0 n days_4; ma55 near ma21; sma21 under sma60; cross down sma5; SELL_MUST,close above sma60but macd dif less than 0, price expected to be drop back to under sma60, close 14.95 ,sma60 14.943; macd dif less than 0; macd sig less than 0; macd dif great than sig; "
SH605133,嵘泰股份,2022-01-14,27.84,BUY_CHECK; BUY_CHECK; BUY_EARLY; SELL_MUST; SELL_CHECK; SELL_CHECK; ,8.0,"close great than 1.05 sma60; close great than 1.2 sma200; cross over sma5; SELL_MUST,close above sma60but macd dif less than 0, price expected to be drop back to under sma60, close 27.84 ,sma60 25.597833333333334; macd sig cross down 0; macd dif less than 0; macd sig less than 0; macd dif less than sig; "
SH605151,西上海,2022-01-14,19.54,BUY_CHECK; SELL_EARLY; SELL_MUST; SELL_CHECK; ,3.0,"macd dea_signal over 0 n days_42; cross down sma5; SELL_MUST,close above sma60but macd dif less than 0, price expected to be drop back to under sma60, close 19.54 ,sma60 19.228166666666667; macd dif less than 0; macd sig great than 0; macd dif less than sig; "
SH605183,确成股份,2022-01-14,19.18,BUY_CHECK; BUY_CHECK; SELL_MUST; SELL_CHECK; SELL_CHECK; ,1.0,"macd dea_signal over 0 n days_46; ma55 near ma21; SELL_MUST,close above sma60but macd dif less than 0, price expected to be drop back to under sma60, close 19.18 ,sma60 19.030666666666665; macd dif cross down 0; macd dif less than 0; macd sig great than 0; macd dif less than sig; "
SH605222,起帆电缆,2022-01-14,25.78,BUY_CHECK; BUY_CHECK; SELL_CHECK; SELL_MUST; BUY_CHECK; ,1.0,"macd historgram over 0 n days_2; ma55 near ma21; sma21 under sma60; SELL_MUST,close above sma60but macd dif less than 0, price expected to be drop back to under sma60, close 25.78 ,sma60 25.30616666666667; macd dif less than 0; macd sig less than 0; macd dif great than sig; "
SH605228,神通科技,2022-01-14,9.36,BUY_CHECK; BUY_CHECK; SELL_EARLY; SELL_MUST; SELL_CHECK; ,2.0,"macd dea_signal over 0 n days_40; ma55 near ma21; cross down sma21; SELL_MUST,close above sma60but macd dif less than 0, price expected to be drop back to under sma60, close 9.36 ,sma60 9.149; macd dif less than 0; macd sig great than 0; macd dif less than sig; "
SH605255,天普股份,2022-01-14,17.43,BUY_CHECK; BUY_CHECK; SELL_MUST; BUY_CHECK; ,1.0,"macd historgram over 0 n days_2; ma55 near ma21; SELL_MUST,close above sma60but macd dif less than 0, price expected to be drop back to under sma60, close 17.43 ,sma60 16.839000000000002; macd dif less than 0; macd sig less than 0; macd dif great than sig; "
SH605333,沪光股份,2022-01-14,20.64,BUY_CHECK; BUY_CHECK; BUY_EARLY; SELL_MUST; SELL_CHECK; ,4.8,"ma55 near ma21; close great than 1.2 sma200; cross over sma60; SELL_MUST,close above sma60but macd dif less than 0, price expected to be drop back to under sma60, close 20.64 ,sma60 20.038833333333333; macd dif less than 0; macd sig less than 0; macd dif less than sig; "
SH688011,新光光电,2022-01-14,32.78,BUY_CHECK; BUY_CHECK; SELL_CHECK; BUY_EARLY; SELL_MUST; BUY_CHECK; ,1.5,"macd historgram over 0 n days_11; ma55 near ma21; sma21 under sma60; cross over sma60; SELL_MUST,close above sma60but macd dif less than 0, price expected to be drop back to under sma60, close 32.78 ,sma60 32.69883333333333; macd dif less than 0; macd sig less than 0; macd dif great than sig; "
SH688015,交控科技,2022-01-14,34.87,BUY_CHECK; SELL_MUST; SELL_CHECK; ,1.0,"macd dea_signal over 0 n days_43; SELL_MUST,close above sma60but macd dif less than 0, price expected to be drop back to under sma60, close 34.87 ,sma60 34.27516666666667; macd dif less than 0; macd sig great than 0; macd dif less than sig; "
SH688025,杰普特,2022-01-14,60.41,BUY_CHECK; BUY_EARLY; BUY_EARLY; SELL_MUST; SELL_CHECK; ,9.2,"macd dea_signal over 0 n days_42; cross over sma5; cross over sma60; SELL_MUST,close above sma60but macd dif less than 0, price expected to be drop back to under sma60, close 60.41 ,sma60 60.246833333333335; macd dif less than 0; macd sig great than 0; macd dif less than sig; "
SH688051,佳华科技,2022-01-14,46.83,BUY_CHECK; SELL_MUST; SELL_CHECK; ,1.0,"ma55 near ma21; SELL_MUST,close above sma60but macd dif less than 0, price expected to be drop back to under sma60, close 46.83 ,sma60 46.716; macd dif less than 0; macd sig less than 0; macd dif less than sig; "
SH688056,莱伯泰科,2022-01-14,59.58,BUY_EARLY; SELL_MUST; SELL_CHECK; ,2.7,"cross over sma60; SELL_MUST,close above sma60but macd dif less than 0, price expected to be drop back to under sma60, close 59.58 ,sma60 59.11383333333334; macd dif less than 0; macd sig less than 0; macd dif less than sig; "
SH688065,凯赛生物,2022-01-14,161.98,BUY_CHECK; BUY_CHECK; SELL_MUST; SELL_CHECK; SELL_CHECK; ,1.0,"macd dea_signal over 0 n days_30; close great than 1.2 sma200; SELL_MUST,close above sma60but macd dif less than 0, price expected to be drop back to under sma60, close 161.98 ,sma60 161.30833333333334; macd dif cross down 0; macd dif less than 0; macd sig great than 0; macd dif less than sig; "
SH688066,航天宏图,2022-01-14,61.33,BUY_CHECK; SELL_CHECK; BUY_CHECK; SELL_EARLY; SELL_MUST; SELL_CHECK; SELL_CHECK; ,5.9,"macd dea_signal over 0 n days_58; close under sma60; close great than 1.2 sma200; cross down sma60; SH688066 2022-01-14,SELL_MUST, cross down sma60 and  macd dif cross down 0, price expected to continue drop. close 61.33 ,sma60 62.91866666666667; macd dif cross down 0; macd dif less than 0; macd sig great than 0; macd dif less than sig; "
SH688069,德林海,2022-01-14,50.82,BUY_CHECK; BUY_CHECK; SELL_EARLY; SELL_MUST; BUY_CHECK; ,2.0,"macd historgram over 0 n days_5; ma55 near ma21; cross down sma5; SELL_MUST,close above sma60but macd dif less than 0, price expected to be drop back to under sma60, close 50.82 ,sma60 50.465333333333334; macd dif less than 0; macd sig less than 0; macd dif great than sig; "
SH688081,兴图新科,2022-01-14,24.65,BUY_CHECK; SELL_CHECK; SELL_EARLY; SELL_EARLY; SELL_MUST; SELL_CHECK; SELL_CHECK; ,5.4,"macd dea_signal over 0 n days_15; close under sma60; cross down sma5; cross down sma60; SH688081 2022-01-14,SELL_MUST, cross down sma60 and  macd dif cross down 0, price expected to continue drop. close 24.65 ,sma60 24.817833333333333; macd dif cross down 0; macd dif less than 0; macd sig great than 0; macd dif less than sig; "
SH688106,金宏气体,2022-01-14,27.07,BUY_CHECK; SELL_MUST; SELL_CHECK; ,1.0,"macd dea_signal over 0 n days_40; SELL_MUST,close above sma60but macd dif less than 0, price expected to be drop back to under sma60, close 27.07 ,sma60 26.185499999999998; macd dif less than 0; macd sig great than 0; macd dif less than sig; "
SH688116,天奈科技,2022-01-14,156.31,BUY_CHECK; SELL_CHECK; BUY_CHECK; BUY_EARLY; SELL_MUST; BUY_CHECK; ,8.9,"macd historgram over 0 n days_3; sma21 under sma60; close great than 1.2 sma200; cross over sma60; SELL_MUST,close above sma60but macd dif less than 0, price expected to be drop back to under sma60, close 156.31 ,sma60 150.96083333333334; macd dif less than 0; macd sig less than 0; macd dif great than sig; "
SH688155,先惠技术,2022-01-14,119.0,BUY_CHECK; BUY_CHECK; SELL_CHECK; SELL_MUST; BUY_CHECK; ,1.0,"macd historgram over 0 n days_4; ma55 near ma21; sma21 under sma60; SELL_MUST,close above sma60but macd dif less than 0, price expected to be drop back to under sma60, close 119.0 ,sma60 114.74816666666666; macd dif less than 0; macd sig less than 0; macd dif great than sig; "
SH688177,百奥泰-U,2022-01-14,26.68,BUY_CHECK; SELL_CHECK; BUY_EARLY; SELL_MUST; BUY_CHECK; ,4.4,"macd historgram over 0 n days_10; sma21 under sma60; cross over sma60; SELL_MUST,close above sma60but macd dif less than 0, price expected to be drop back to under sma60, close 26.68 ,sma60 26.269166666666663; macd dif less than 0; macd sig less than 0; macd dif great than sig; "
SH688239,航宇科技,2022-01-14,64.25,BUY_EARLY; SELL_MUST; SELL_CHECK; ,3.1,"cross over sma60; SELL_MUST,close above sma60but macd dif less than 0, price expected to be drop back to under sma60, close 64.25 ,sma60 63.3995; macd dif less than 0; macd sig less than 0; macd dif less than sig; "
SH688256,寒武纪-U,2022-01-14,90.55,BUY_CHECK; SELL_EARLY; SELL_EARLY; SELL_MUST; SELL_CHECK; SELL_CHECK; ,6.0,"macd dea_signal over 0 n days_40; cross down sma5; cross down sma21; SELL_MUST,close above sma60but macd dif less than 0, price expected to be drop back to under sma60, close 90.55 ,sma60 89.09933333333333; macd dif cross down 0; macd dif less than 0; macd sig great than 0; macd dif less than sig; "
SH688314,康拓医疗,2022-01-14,68.56,BUY_CHECK; SELL_CHECK; BUY_EARLY; SELL_MUST; BUY_CHECK; ,3.6,"macd historgram over 0 n days_10; sma21 under sma60; cross over sma60; SELL_MUST,close above sma60but macd dif less than 0, price expected to be drop back to under sma60, close 68.56 ,sma60 67.27516666666666; macd dif less than 0; macd sig less than 0; macd dif great than sig; "
SH688386,泛亚微透,2022-01-14,68.33,BUY_CHECK; BUY_EARLY; BUY_EARLY; SELL_MUST; SELL_CHECK; ,8.8,"macd dea_signal over 0 n days_32; cross over sma5; cross over sma60; SELL_MUST,close above sma60but macd dif less than 0, price expected to be drop back to under sma60, close 68.33 ,sma60 67.88600000000001; macd dif less than 0; macd sig great than 0; macd dif less than sig; "
SH688488,艾迪药业,2022-01-14,16.03,BUY_CHECK; BUY_CHECK; SELL_CHECK; BUY_EARLY; BUY_EARLY; SELL_MUST; BUY_CHECK; ,5.800000000000001,"macd historgram over 0 n days_7; ma55 near ma21; sma21 under sma60; cross over sma5; cross over sma60; SELL_MUST,close above sma60but macd dif less than 0, price expected to be drop back to under sma60, close 16.03 ,sma60 15.657; macd dif less than 0; macd sig less than 0; macd dif great than sig; "
SH688589,力合微,2022-01-14,55.48,BUY_CHECK; BUY_CHECK; BUY_EARLY; BUY_EARLY; SELL_MUST; SELL_CHECK; ,4.3,"macd dea_signal over 0 n days_44; close great than 1.2 sma200; cross over sma5; cross over sma60; SELL_MUST,close above sma60but macd dif less than 0, price expected to be drop back to under sma60, close 55.48 ,sma60 55.0135; macd dif less than 0; macd sig great than 0; macd dif less than sig; "
SH688667,菱电电控,2022-01-14,168.36,BUY_CHECK; BUY_EARLY; SELL_MUST; SELL_CHECK; ,8.6,"close great than 1.2 sma200; cross over sma60; SELL_MUST,close above sma60but macd dif less than 0, price expected to be drop back to under sma60, close 168.36 ,sma60 162.62733333333335; macd dif less than 0; macd sig less than 0; macd dif less than sig; "
